[{"id":1646994334186,"thought":"Nuovo pensiero...","author":"Giovanni Verdi","nickname":"gino","likes":["dino"]},{"id":1646991547430,"thought":"Viaggia leggero!!","author":"Dino Olivieri","nickname":"dino","likes":["gino","pino"]},{"id":1646989599717,"thought":"Bla bla bla","author":"Giuseppe Rossi","nickname":"pino","likes":["dino"]},{"id":1646989564983,"thought":"Altro pensiero...","author":"Giuseppe Rossi","nickname":"pino","likes":["dino"]},{"id":1,"thought":"Vinum bonum laetificat cor hominis","author":"Dino Olivieri","likes":["pino"],"nickname":"dino"},{"id":2,"thought":"Be yourself!","author":"Giuseppe Rossi","likes":["dino"],"nickname":"pino"}]